--INSERT INTO TB_USER (ID, USERNAME, PASSWORD, FIRSTNAME, LASTNAME, EMAIL, ENABLED, LAST_PASSWORD_RESET_DATE, CREATION_DATE, MODIFICATION_DATE,LAST_LOGIN_DATE) VALUES (1, 'master', '$2a$08$lDnHPz7eUkSi6ao14Twuau08mzhWrL4kyZGGU5xfiGALO/Vxd5DOi', 'master', 'master', 'master@master.com', 1, PARSEDATETIME('01-01-2017', 'dd-MM-yyyy'), PARSEDATETIME('01-01-2017', 'dd-MM-yyyy'), PARSEDATETIME('01-01-2017', 'dd-MM-yyyy'),SYSDATE);
--INSERT INTO TB_USER (ID, USERNAME, PASSWORD, FIRSTNAME, LASTNAME, EMAIL, ENABLED, LAST_PASSWORD_RESET_DATE, CREATION_DATE, MODIFICATION_DATE,LAST_LOGIN_DATE) VALUES (2, 'user', '$2a$08$UkVvwpULis18S19S5pZFn.YHPZt3oaqHZnDwqbCW9pft6uFtkXKDC', 'user', 'user', 'enabled@user.com', 1, PARSEDATETIME('01-01-2017','dd-MM-yyyy'), PARSEDATETIME('01-01-2017', 'dd-MM-yyyy'), PARSEDATETIME('01-01-2017', 'dd-MM-yyyy'),SYSDATE);
--INSERT INTO TB_USER (ID, USERNAME, PASSWORD, FIRSTNAME, LASTNAME, EMAIL, ENABLED, LAST_PASSWORD_RESET_DATE, CREATION_DATE, MODIFICATION_DATE,LAST_LOGIN_DATE) VALUES (3, 'disabled', '$2a$08$UkVvwpULis18S19S5pZFn.YHPZt3oaqHZnDwqbCW9pft6uFtkXKDC', 'user', 'user', 'disabled@user.com', 0, PARSEDATETIME('01-01-2017','dd-MM-yyyy'), PARSEDATETIME('01-01-2017', 'dd-MM-yyyy'), PARSEDATETIME('01-01-2017', 'dd-MM-yyyy'),SYSDATE);
--
--INSERT INTO TB_AUTHORITY (ID, NAME) VALUES (1, 'ROLE_USER');
--INSERT INTO TB_AUTHORITY (ID, NAME) VALUES (2, 'ROLE_MASTER');
--
--INSERT INTO TB_USER_AUTHORITY (USER_ID, AUTHORITY_ID) VALUES (1, 1);
--INSERT INTO TB_USER_AUTHORITY (USER_ID, AUTHORITY_ID) VALUES (1, 2);
--INSERT INTO TB_USER_AUTHORITY (USER_ID, AUTHORITY_ID) VALUES (2, 1);
--INSERT INTO TB_USER_AUTHORITY (USER_ID, AUTHORITY_ID) VALUES (3, 1);
--
--INSERT INTO TB_PHONE(ID,USER_ID,NUMBER,DDD) VALUES (1,1,'946449707','11');
--INSERT INTO TB_PHONE(ID,USER_ID,NUMBER,DDD) VALUES (2,1,'988918269','31');
--INSERT INTO TB_PHONE(ID,USER_ID,NUMBER,DDD) VALUES (3,2,'987654321','21');
--
--INSERT INTO TB_TOKEN(ID,USER_ID,NUMBER,CREATION_DATE) VALUES (1,1,'1eyJhbGciOiJIUzUxMiJ9.eyJzdWIiOiJtYXN0ZXIiLCJhdWRpZW5jZSI6IndlYiIsImNyZWF0ZWQiOjE0ODM1NzIxNTk0NjAsImV4cCI6MTQ4NDE3Njk1OX0.LzcpjFPaeRMqA2vcAuoMHfL35RvkS443zKDKv-zh8R0pvbeJFZPDscSkkm0QC8mY1pp6RX5CYdN_Gz65BBHjrQ', SYSDATE);
--INSERT INTO TB_TOKEN(ID,USER_ID,NUMBER,CREATION_DATE) VALUES (2,2,'2eyJhbGciOiJIUzUxMiJ9.eyJzdWIiOiJtYXN0ZXIiLCJhdWRpZW5jZSI6IndlYiIsImNyZWF0ZWQiOjE0ODM1NzIxNTk0NjAsImV4cCI6MTQ4NDE3Njk1OX0.LzcpjFPaeRMqA2vcAuoMHfL35RvkS443zKDKv-zh8R0pvbeJFZPDscSkkm0QC8mY1pp6RX5CYdN_Gz65BBHjrQ', SYSDATE);
--INSERT INTO TB_TOKEN(ID,USER_ID,NUMBER,CREATION_DATE) VALUES (3,3,'3eyJhbGciOiJIUzUxMiJ9.eyJzdWIiOiJtYXN0ZXIiLCJhdWRpZW5jZSI6IndlYiIsImNyZWF0ZWQiOjE0ODM1NzIxNTk0NjAsImV4cCI6MTQ4NDE3Njk1OX0.LzcpjFPaeRMqA2vcAuoMHfL35RvkS443zKDKv-zh8R0pvbeJFZPDscSkkm0QC8mY1pp6RX5CYdN_Gz65BBHjrQ', SYSDATE);